"Column 1","Column 2","Column 3","Column 4","Column 5","Column 6","Column 7","Column 8","Column 9"
"PAGE","VISUAL OBJECT","CROSS JEWELS","EXTERNAL DOTS","INFINITY SYMBOLS","ORIENTATION","CONSTELLATION DOTS","NOTES","LINES (NEW)"
"17.JPG","CROSS","6","6","2","180 DEGREE FLIP WITH TRANSLATAION , FIRST ONE ON THE TOP RIGHT OF THE PAGE SECOND ONE IS BOTTOME LEFT OF THE PAGE","0","2 CROSSES EACH HAVE 3 DOTS ON THE OUTSIDE AND 3 ON THE INSIDE",""
"18.JPG","CROSS","6","6","2","180 DEGREE FLIP WITH TRANSLATAION , FIRST ONE ON THE TOP RIGHT OF THE PAGE SECOND ONE IS BOTTOME LEFT OF THE PAGE","0","2 CROSSES EACH HAVE 3 DOTS ON THE OUTSIDE AND 3 ON THE INSIDE",""
"19.JPG","CROSS +CICADA","6","IT IS EITHER 6 OR 7 IF WE COUNT THE CICADAS EYE AS A DOT","2","180 DEGREE FLIP WITH TRANSLATAION, 
FIRST ONE ON THE TOP RIGHT OF THE PAGE SECOND ONE IS BOTTOME LEFT OF THE PAGE","0","2 CROSSES EACH HAVE 3 DOTS ON THE OUTSIDE AND 3 ON THE INSIDE THERE IS A CICADA WITH A BLACK DOT FOR A EYE AND 7 EXACT SCALES",""
"20.JPG","SPIRALS","0","8","0","LEFT AND RIGHT OF THE PAGE","0","3 DOTS ON THE OUTSIDE 2ND SPIRAL OF THE PAGE AND 1 DOT ON THE INSIDE THE 3RD SPIRAL BOTHS SIDES OF THE PAGE",""
"21.JPG","SPIRALS","0","8","0","LEFT AND RIGHT OF THE PAGE","0","3 DOTS ON THE OUTSIDE 2ND SPIRAL OF THE PAGE AND 1 DOT ON THE INSIDE THE 3RD SPIRAL BOTHS SIDES OF THE PAGE",""
"22.JPG","SPIRALS","0","8","0","LEFT AND RIGHT OF THE PAGE","0","3 DOTS ON THE OUTSIDE 2ND SPIRAL OF THE PAGE AND 1 DOT ON THE INSIDE THE 3RD SPIRAL BOTHS SIDES OF THE PAGE",""
"23.JPG","SPIRALS","0","8","0","LEFT AND RIGHT OF THE PAGE","0","3 DOTS ON THE OUTSIDE 2ND SPIRAL OF THE PAGE AND 1 DOT ON THE INSIDE THE 3RD SPIRAL BOTHS SIDES OF THE PAGE",""
"24.JPG","SPIRALS +5 DOT CONSITALTION","0","8","0","LEFT AND RIGHT OF THE PAGE

CONSTIALTION AT BOTTOM OF PAGE","5","3 DOTS ON THE OUTSIDE 2ND SPIRAL OF THE PAGE AND 1 DOT ON THE INSIDE THE 3RD SPIRAL BOTHS SIDES OF THE PAGE AND A 5 DOT CONSTIALTION AT THE BOTTOM",""
"25.JPG","FIBO BRANCH WITH STEMS","0","1","0","LEFT PAGE","0","BRANCH WITH STEMS SITTING ON THE LEFT SIDE OF THE PAGE WITH A DOT TO THE RIGHT OF IT -9.jpg–15.jpg
Object: root/tree structure
Geometry: branching/root system
Fibonacci association: YES — documented hypothesis
Known branch positions: 2,3,5,6,8,10,11,13
Status: historical/documented clue
Notes: associated with 2016 puzzle/Fibonacci interpretation",""
"26.JPG","FIBO BRANCH WITH STEMS","0","1","0","RIGHT PAGE","0","BRANCH WITH STEMS SITTING ON THE RIGHT SIDE OF THE PAGE WITH A DOT TO THE RIGHT OF IT - 9.jpg–15.jpg
Object: root/tree structure
Geometry: branching/root system
Fibonacci association: YES — documented hypothesis
Known branch positions: 2,3,5,6,8,10,11,13
Status: historical/documented clue
Notes: associated with 2016 puzzle/Fibonacci interpretation",""
"27.JPG","FIBO BRANCH WITH STEMS","0","1","0","LEFT PAGE","0","BRANCH WITH STEMS SITTING ON THE LEFT SIDE OF THE PAGE WITH A DOT TO THE RIGHT OF IT - 9.jpg–15.jpg
Object: root/tree structure
Geometry: branching/root system
Fibonacci association: YES — documented hypothesis
Known branch positions: 2,3,5,6,8,10,11,13
Status: historical/documented clue
Notes: associated with 2016 puzzle/Fibonacci interpretation",""
"28.JPG","FIBO BRANCH WITH STEMS","0","1","0","RIGHT PAGE","0","BRANCH WITH STEMS SITTING ON THE RIGHT SIDE OF THE PAGE WITH A DOT TO THE RIGHT OF IT - 9.jpg–15.jpg
Object: root/tree structure
Geometry: branching/root system
Fibonacci association: YES — documented hypothesis
Known branch positions: 2,3,5,6,8,10,11,13
Status: historical/documented clue
Notes: associated with 2016 puzzle/Fibonacci interpretation",""
"29.JPG","FIBO BRANCH WITH STEMS","0","1","0","LEFT PAGE","0","BRANCH WITH STEMS SITTING ON THE LEFT SIDE OF THE PAGE WITH A DOT TO THE RIGHT OF IT - 9.jpg–15.jpg
Object: root/tree structure
Geometry: branching/root system
Fibonacci association: YES — documented hypothesis
Known branch positions: 2,3,5,6,8,10,11,13
Status: historical/documented clue
Notes: associated with 2016 puzzle/Fibonacci interpretation",""
"30.JPG","FIBO BRANCH WITH STEMS","0","1","0","RIGHT PAGE","0","BRANCH WITH STEMS SITTING ON THE RIGHT SIDE OF THE PAGE WITH A DOT TO THE RIGHT OF IT - 9.jpg–15.jpg
Object: root/tree structure
Geometry: branching/root system
Fibonacci association: YES — documented hypothesis
Known branch positions: 2,3,5,6,8,10,11,13
Status: historical/documented clue
Notes: associated with 2016 puzzle/Fibonacci interpretation",""
"31.JPG","BRANCH WITH STEMS AND DRAGONFLY/MAYFLY","0","1 OR 2 IF WE COUNT THE MAYFLYS EYE","0","LEFT PAGE","0","BRANCH WITH STEMS SITTING ON THE LEFT SIDE OF THE PAGE WITH A DOT TO THE RIGHT OF IT BELOW THE GLYPHS IS A MAY FLY WITH 3 LINES COMING OUT OF ITS BACK  IT HAS 7 LINES","3 LINES COME OUT OF THE MOTH/MAYFLYS BACK 5 LINES ON THE MAYFLY IT SELF AND THEN 7 LINES THAT GO ACROSS THE MAYFLYS/MOTH WING"
"32.JPG","INFINITY MIDDLE OF PAGE","0","0","1","MIDDLE OF PAGE","0","INFINTY SITS BETWEEN A SET OF NUMBERS 16 DIFFERENT NUMBERS ONE OF THEM BEING IN RED""3299"" BELOW THE NUMBERS IS IN THE INFINTY SYMBOL AND THEN GLYPHS BELOW THE SYMBOL",""
"39.JPG","CROSS OVER LAYING BODY","3","6","0","BOTTOM OF PAGE LAYING 180 DEGREES / HORIZONTAL","0","",""
"40.JPG","5 DOT CONSTILLATION","0","5","0","TOP OF THE PAGE","5","5 DOTS SIT ABOVE GLYPHS AT THE  TOP OF THE PAGE",""
"41.JPG","MOTH LIKE FIGURE MIRRORED","0","0","0","LEFT AND RIGHT OF THE PAGE","0","TWO VISUALLY MIRRORED FIGURES FLANK THE TEXT, GEOMETRY APPEARTS INTENTIONALLY SYMETRIC  - elongated polygonal/diamond forms - 
3 LINES COME OUT OF EACH MOTHS BACK AND 2 FROM ITS HEAD","2 LINES COME OUT OF THE MOTHS HEAD AND 3 COME OUT ITS BACK 
SO 5 IN TOTAL FOR EACH MOTH? 4 MOTHS PER PAGE 20 TOTAL?"
"42.JPG","MOTH LIKE FIGURE MIRRORED","0","0","0","LEFT AND RIGHT OF THE PAGE","0","TWO VISUALLY MIRRORED FIGURES FLANK THE TEXT, GEOMETRY APPEARTS INTENTIONALLY SYMETRIC  - elongated polygonal/diamond forms - 
3 LINES COME OUT OF EACH MOTHS BACK AND 2 FROM ITS HEAD","2 LINES COME OUT OF THE MOTHS HEAD AND 3 COME OUT ITS BACK 
SO 5 IN TOTAL FOR EACH MOTH? 4 MOTHS PER PAGE 20 TOTAL?"
"43.JPG","MOTH LIKE FIGURE MIRRORED","0","0","0","LEFT AND RIGHT OF THE PAGE","0","TWO VISUALLY MIRRORED FIGURES FLANK THE TEXT, GEOMETRY APPEARTS INTENTIONALLY SYMETRIC  - elongated polygonal/diamond forms - 
3 LINES COME OUT OF EACH MOTHS BACK AND 2 FROM ITS HEAD","2 LINES COME OUT OF THE MOTHS HEAD AND 3 COME OUT ITS BACK 
SO 5 IN TOTAL FOR EACH MOTH? 4 MOTHS PER PAGE 20 TOTAL?"
"44.JPG","CICADA WING","0","0","0","TOP OF THE PAGE","0","15-16 SCALES ?",""
"50.JPG","3 DOTS","0","3","0","3 DOTS MIDDLE OF THE PAGE","?","3 DOTS SIT BETWEEN 2 SETS OF GLYPHS",""
"56.JPG","3 DOTS","0","3","0","3 DOTS MIDDLE OF THE PAGE","?","3 DOTS SIT BETWEEN 2 SETS OF GLYPHS",""
"57.JPG","SPIRALS AND PETALS","0","8","0","LEFT AND RIGHT OF THE PAGE","0","SPIRAL AND PETS ON THE RIGHT SIDE HAVE 5 FULL BLACK PETALS BUT ON THE LEFT SIDE THERE ARE 2 WHITE AND 3 BLACK",""
"58.JPG","SPIRALS AND PETALS","0","8","0","LEFT AND RIGHT OF THE PAGE","0","SPIRAL AND PETS ON THE RIGHT SIDE HAVE 5 FULL BLACK PETALS BUT ON THE LEFT SIDE THERE ARE 2 WHITE AND 3 BLACK",""
"59.JPG","SPIRALS AND PETALS","0","8","0","LEFT AND RIGHT OF THE PAGE","0","SPIRAL AND PETS ON THE RIGHT SIDE HAVE 5 FULL BLACK PETALS BUT ON THE LEFT SIDE THERE ARE 2 WHITE AND 3 BLACK",""
"60.JPG","SPIRALS AND PETALS","0","8","0","LEFT AND RIGHT OF THE PAGE","0","SPIRAL AND PETS ON THE RIGHT SIDE HAVE 5 FULL BLACK PETALS BUT ON THE LEFT SIDE THERE ARE 2 WHITE AND 3 BLACK",""
"61.JPG","SPIRALS AND PETALS","0","8","0","LEFT AND RIGHT OF THE PAGE","0","SPIRAL AND PETS ON THE RIGHT SIDE HAVE 5 FULL BLACK PETALS BUT ON THE LEFT SIDE THERE ARE 2 WHITE AND 3 BLACK",""
"62.JPG","SPIRALS AND PETALS","0","8","0","LEFT AND RIGHT OF THE PAGE","0","SPIRAL AND PETS ON THE RIGHT SIDE HAVE 5 FULL BLACK PETALS BUT ON THE LEFT SIDE THERE ARE 2 WHITE AND 3 BLACK",""
"63.JPG","SPIRALS AND PETALS","0","8","0","LEFT AND RIGHT OF THE PAGE","0","SPIRAL AND PETS ON THE RIGHT SIDE HAVE 5 FULL BLACK PETALS BUT ON THE LEFT SIDE THERE ARE 2 WHITE AND 3 BLACK",""
"64.JPG","SPIRALS AND PETALS","0","8","0","LEFT AND RIGHT OF THE PAGE","0","SPIRAL AND PETS ON THE RIGHT SIDE HAVE 5 FULL BLACK PETALS BUT ON THE LEFT SIDE THERE ARE 2 WHITE AND 3 BLACK",""
"65.JPG","SPIRALS AND PETALS","0","8","0","LEFT AND RIGHT OF THE PAGE","0","SPIRAL AND PETS ON THE RIGHT SIDE HAVE 5 FULL BLACK PETALS BUT ON THE LEFT SIDE THERE ARE 2 WHITE AND 3 BLACK",""
"66.JPG","SPIRALS AND PETALS","0","8","0","LEFT AND RIGHT OF THE PAGE","0","SPIRAL AND PETS ON THE RIGHT SIDE HAVE 5 FULL BLACK PETALS BUT ON THE LEFT SIDE THERE ARE 2 WHITE AND 3 BLACK",""
"67.JPG","SPIRALS AND PETALS","0","8","0","LEFT AND RIGHT OF THE PAGE","0","SPIRAL AND PETS ON THE RIGHT SIDE HAVE 5 FULL BLACK PETALS BUT ON THE LEFT SIDE THERE ARE 2 WHITE AND 3 BLACK",""
"68.JPG","SPIRALS AND PETALS","0","8","0","LEFT AND RIGHT OF THE PAGE","0","SPIRAL AND PETS ON THE RIGHT SIDE HAVE 5 FULL BLACK PETALS BUT ON THE LEFT SIDE THERE ARE 2 WHITE AND 3 BLACK",""
"69.JPG","SPIRALS AND PETALS","0","8","0","LEFT AND RIGHT OF THE PAGE","0","SPIRAL AND PETS ON THE RIGHT SIDE HAVE 5 FULL BLACK PETALS BUT ON THE LEFT SIDE THERE ARE 2 WHITE AND 3 BLACK",""
"70.JPG","SPIRALS AND PETALS - CICADA","0","8","0","LEFT AND RIGHT OF THE PAGE  - CICADA SITS AT BOTTOM OF PAGE","0","SPIRAL AND PETS ON THE RIGHT SIDE HAVE 5 FULL BLACK PETALS BUT ON THE LEFT SIDE THERE ARE 2 WHITE AND 3 BLACK  - CICADA SITS AT BOTTOM OF PAGE",""
"71.JPG","SPIRALS AND PETALS","0","8","0","LEFT AND RIGHT OF THE PAGE","0","SPIRAL AND PETS ON THE RIGHT SIDE HAVE 5 FULL BLACK PETALS BUT ON THE LEFT SIDE THERE ARE 2 WHITE AND 3 BLACK",""
"72.JPG","SPIRALS AND PETALS  - CICADA - DEAD OAK TREE","0","8","0","LEFT AND RIGHT OF THE PAGE  - CICADA SITS AT BOTTOM OF PAGE -  MIDDLE OF PAGE IS DEAD OAK TREE","0","SPIRAL AND PETS ON THE RIGHT SIDE HAVE 5 FULL BLACK PETALS BUT ON THE LEFT SIDE THERE ARE 2 WHITE AND 3 BLACK - CICADA SITS AT BOTTOM OF PAGE  -BETWEEN THE GLYPHS AND THE CICADA IS A ALL WHITE DEAD OAK TREE",""
"73.JPG","5 DOT CONSTIALTION","0","5","0","5 DOTS ON THE BOTTOM OF THE PAGE BELOW ALL GLYPHS","5","",""
"74.JPG","","","","","","","",""
"69.JPG","","","","","","","",""
"69.JPG","","","","","","","",""